table,group,row,link,column,min,max,total
standing,,Network & access,#network-and-access,Internal Sharing Platform (ISP),100,200,
standing,,Network & access,#network-and-access,Cross‑Organisation Sharing Platform (CSP),500,1000,
standing,,Storage & metadata,#core-storage-and-metadata,Internal Sharing Platform (ISP),50,100,
standing,,Storage & metadata,#core-storage-and-metadata,Cross‑Organisation Sharing Platform (CSP),100,200,
standing,,Identity & security,#identity-and-security,Internal Sharing Platform (ISP),50,100,
standing,,Identity & security,#identity-and-security,Cross‑Organisation Sharing Platform (CSP),200,500,
standing,,Monitoring & audit,#monitoring-and-audit,Internal Sharing Platform (ISP),120,250,
standing,,Monitoring & audit,#monitoring-and-audit,Cross‑Organisation Sharing Platform (CSP),550,1150,
standing,,Baseline compute,#baseline-compute,Internal Sharing Platform (ISP),200,500,
standing,,Baseline compute,#baseline-compute,Cross‑Organisation Sharing Platform (CSP),500,1500,
standing,,Total standing cost,,Internal Sharing Platform (ISP),520,1250,1
standing,,Total standing cost,,Cross‑Organisation Sharing Platform (CSP),1850,4350,1
storage,,Active curated outputs (hot storage),,Internal Sharing Platform (ISP),100,300,
storage,,Active curated outputs (hot storage),,Cross‑Organisation Sharing Platform (CSP),200,600,
storage,,Archived outputs (cold storage),,Internal Sharing Platform (ISP),50,150,
storage,,Archived outputs (cold storage),,Cross‑Organisation Sharing Platform (CSP),100,300,
storage,,Metadata & indexing,,Internal Sharing Platform (ISP),20,50,
storage,,Metadata & indexing,,Cross‑Organisation Sharing Platform (CSP),50,100,
storage,,Replication & multi‑region copies,,Internal Sharing Platform (ISP),0,50,
storage,,Replication & multi‑region copies,,Cross‑Organisation Sharing Platform (CSP),100,300,
storage,,Total storage cost,,Internal Sharing Platform (ISP),170,550,1
storage,,Total storage cost,,Cross‑Organisation Sharing Platform (CSP),450,1300,1
data-movement,,"Platform infrastructure (orchestration, APIs, logging, intermediate storage)",,Internal Sharing Platform (ISP),50,150,
data-movement,,"Platform infrastructure (orchestration, APIs, logging, intermediate storage)",,Cross‑Organisation Sharing Platform (CSP),150,350,
data-movement,,Internal transfers (same region),,Internal Sharing Platform (ISP),0,20,
data-movement,,Internal transfers (same region),,Cross‑Organisation Sharing Platform (CSP),20,50,
data-movement,,Cross‑region transfers,,Internal Sharing Platform (ISP),0,50,
data-movement,,Cross‑region transfers,,Cross‑Organisation Sharing Platform (CSP),100,300,
data-movement,,"External egress (internet, on‑premises, other clouds)",,Internal Sharing Platform (ISP),0,50,
data-movement,,"External egress (internet, on‑premises, other clouds)",,Cross‑Organisation Sharing Platform (CSP),200,500,
data-movement,,Total data movement cost,,Internal Sharing Platform (ISP),50,270,1
data-movement,,Total data movement cost,,Cross‑Organisation Sharing Platform (CSP),470,1200,1
lifecycle,Full Retention — keep most data indefinitely,ISP (50 projects),,Year 1 (monthly),1050,,
lifecycle,Full Retention — keep most data indefinitely,ISP (50 projects),,Year 3 (monthly),1350,,
lifecycle,Full Retention — keep most data indefinitely,ISP (50 projects),,Year 7 (monthly),2050,,
lifecycle,Full Retention — keep most data indefinitely,ISP (50 projects),,7-year total,132000,,
lifecycle,Full Retention — keep most data indefinitely,"CSP (20 projects, multi-region)",,Year 1 (monthly),4600,,
lifecycle,Full Retention — keep most data indefinitely,"CSP (20 projects, multi-region)",,Year 3 (monthly),5450,,
lifecycle,Full Retention — keep most data indefinitely,"CSP (20 projects, multi-region)",,Year 7 (monthly),7100,,
lifecycle,Full Retention — keep most data indefinitely,"CSP (20 projects, multi-region)",,7-year total,512000,,
lifecycle,Balanced Retention — archive and selectively delete,ISP (50 projects),,Year 1 (monthly),1000,,
lifecycle,Balanced Retention — archive and selectively delete,ISP (50 projects),,Year 3 (monthly),1180,,
lifecycle,Balanced Retention — archive and selectively delete,ISP (50 projects),,Year 7 (monthly),1380,,
lifecycle,Balanced Retention — archive and selectively delete,ISP (50 projects),,7-year total,103000,,
lifecycle,Balanced Retention — archive and selectively delete,"CSP (20 projects, multi-region)",,Year 1 (monthly),4450,,
lifecycle,Balanced Retention — archive and selectively delete,"CSP (20 projects, multi-region)",,Year 3 (monthly),4900,,
lifecycle,Balanced Retention — archive and selectively delete,"CSP (20 projects, multi-region)",,Year 7 (monthly),5500,,
lifecycle,Balanced Retention — archive and selectively delete,"CSP (20 projects, multi-region)",,7-year total,418000,,
lifecycle,Lean Retention — aggressive deletion of transient data,ISP (50 projects),,Year 1 (monthly),980,,
lifecycle,Lean Retention — aggressive deletion of transient data,ISP (50 projects),,Year 3 (monthly),1040,,
lifecycle,Lean Retention — aggressive deletion of transient data,ISP (50 projects),,Year 7 (monthly),1050,,
lifecycle,Lean Retention — aggressive deletion of transient data,ISP (50 projects),,7-year total,88000,,
lifecycle,Lean Retention — aggressive deletion of transient data,"CSP (20 projects, multi-region)",,Year 1 (monthly),4300,,
lifecycle,Lean Retention — aggressive deletion of transient data,"CSP (20 projects, multi-region)",,Year 3 (monthly),4500,,
lifecycle,Lean Retention — aggressive deletion of transient data,"CSP (20 projects, multi-region)",,Year 7 (monthly),4680,,
lifecycle,Lean Retention — aggressive deletion of transient data,"CSP (20 projects, multi-region)",,7-year total,356000,,
